id_matricula,id_estudiante,id_carrera,id_periodo,tipo_matricula,estado_matricula,nivel_cursado,fecha_matricula
1,1,2,3,nueva,retirada,1,2023-03-01
2,2,4,6,nueva,vigente,1,2024-08-01
3,2,4,7,continuidad,vigente,2,2025-03-01
4,2,4,8,continuidad,vigente,3,2025-08-01
5,3,2,1,nueva,vigente,1,2022-03-01
6,3,2,2,continuidad,vigente,2,2022-08-01
7,3,2,3,continuidad,vigente,3,2023-03-01
8,3,2,4,continuidad,vigente,4,2023-08-01
9,3,2,5,continuidad,vigente,5,2024-03-01
10,3,2,6,continuidad,vigente,6,2024-08-01
11,3,2,7,continuidad,vigente,7,2025-03-01
12,3,2,8,continuidad,vigente,8,2025-08-01
13,4,3,3,nueva,vigente,1,2023-03-01
14,4,3,4,continuidad,vigente,2,2023-08-01
15,4,3,5,continuidad,suspendida,3,2024-03-01
16,5,1,5,nueva,vigente,1,2024-03-01
17,5,1,6,continuidad,retirada,2,2024-08-01
18,6,4,2,nueva,vigente,1,2022-08-01
19,6,4,3,continuidad,vigente,2,2023-03-01
20,6,4,4,continuidad,vigente,3,2023-08-01
21,6,4,5,continuidad,vigente,4,2024-03-01
22,6,4,6,continuidad,vigente,5,2024-08-01
23,7,4,1,nueva,vigente,1,2022-03-01
24,7,4,2,continuidad,vigente,2,2022-08-01
25,7,4,3,continuidad,retirada,3,2023-03-01
26,8,2,7,nueva,VIGENTE,1,2025-03-01
27,8,2,8,continuidad,vigente,2,2025-08-01
28,9,2,7,nueva,vigente,1,2025-03-01
29,9,2,8,continuidad,vigente,2,2025-08-01
30,10,4,6,nueva,vigente,1,2024-08-01
31,10,4,7,continuidad,vigente,2,2025-03-01
32,10,4,8,continuidad,vigente,3,2025-08-01
33,11,5,3,nueva,vigente,1,2023-03-01
34,11,5,4,continuidad,vigente,2,2023-08-01
35,11,5,5,continuidad,vigente,3,2024-03-01
36,11,5,6,continuidad,vigente,4,2024-08-01
37,11,5,7,continuidad,vigente,5,2025-03-01
38,11,5,8,continuidad,vigente,6,2025-08-01
39,12,3,7,nueva,vigente,1,2025-03-01
40,12,3,8,continuidad,vigente,2,2025-08-01
41,13,4,3,nueva,vigente,1,2023-03-01
42,13,4,4,continuidad,vigente,2,2023-08-01
43,13,4,5,continuidad,vigente,3,2024-03-01
44,13,4,6,continuidad,vigente,4,2024-08-01
45,13,4,7,continuidad,vigente,5,2025-03-01
46,14,6,6,nueva,vigente,1,2024-08-01
47,14,6,7,continuidad,vigente,2,2025-03-01
48,14,6,8,continuidad,vigente,3,2025-08-01
49,15,3,1,nueva,vigente,1,2022-03-01
50,15,3,2,continuidad,vigente,2,2022-08-01
51,15,3,3,continuidad,vigente,3,2023-03-01
52,15,3,4,continuidad,vigente,4,2023-08-01
53,15,3,5,continuidad,vigente,5,2024-03-01
54,16,3,1,nueva,vigente,1,2022-03-01
55,16,3,2,continuidad,vigente,2,2022-08-01
56,16,3,3,continuidad,vigente,3,2023-03-01
57,16,3,4,continuidad,vigente,4,2023-08-01
58,16,3,5,continuidad,retirada,5,2024-03-01
59,17,6,7,nueva,vigente,1,2025-03-01
60,17,6,8,continuidad,vigente,2,2025-08-01
61,18,1,6,nueva,vigente,1,2024-08-01
62,18,1,7,continuidad,vigente,2,2025-03-01
63,18,1,8,continuidad,vigente,3,2025-08-01
64,19,6,3,nueva,vigente,1,2023-03-01
65,19,6,4,continuidad,vigente,2,2023-08-01
66,19,6,5,continuidad,suspendida,3,2024-03-01
67,20,4,1,nueva,vigente,1,2022-03-01
68,20,4,2,continuidad,vigente,2,2022-08-01
69,20,4,3,continuidad,vigente,3,2023-03-01
70,20,4,4,continuidad,vigente,4,2023-08-01
71,20,4,5,continuidad,vigente,5,2024-03-01
72,21,3,3,nueva,vigente,1,2023-03-01
73,21,3,4,continuidad,vigente,2,2023-08-01
74,21,3,5,continuidad,vigente,3,2024-03-01
75,21,3,6,continuidad,retirada,4,2024-08-01
76,22,1,5,nueva,vigente,1,2024-03-01
77,22,1,6,continuidad,vigente,2,2024-08-01
78,22,1,7,continuidad,vigente,3,2025-03-01
79,22,1,8,continuidad,vigente,4,2025-08-01
80,23,6,1,nueva,retirada,1,2022-03-01
81,24,1,5,nueva,vigente,1,2024-03-01
82,24,1,6,continuidad,vigente,2,2024-08-01
83,24,1,7,continuidad,vigente,3,2025-03-01
84,24,1,8,continuidad,vigente,4,2025-08-01
85,25,2,8,nueva,vigente,1,2025-08-01
86,26,1,1,nueva,vigente,1,2022-03-01
87,26,1,2,continuidad,vigente,2,2022-08-01
88,26,1,3,continuidad,vigente,3,2023-03-01
89,26,1,4,continuidad,vigente,4,2023-08-01
90,26,1,5,continuidad,vigente,5,2024-03-01
91,26,1,6,continuidad,vigente,6,2024-08-01
92,26,1,7,continuidad,vigente,7,2025-03-01
93,26,1,8,continuidad,vigente,8,2025-08-01
94,27,1,1,nueva,vigente,1,2022-03-01
95,27,1,2,continuidad,vigente,2,2022-08-01
96,27,1,3,continuidad,vigente,3,2023-03-01
97,27,1,4,continuidad,vigente,4,2023-08-01
98,27,1,5,continuidad,vigente,5,2024-03-01
99,27,1,6,continuidad,vigente,6,2024-08-01
100,27,1,7,continuidad,vigente,7,2025-03-01
101,27,1,8,continuidad,vigente,8,2025-08-01
102,28,6,5,nueva,vigente,1,2024-03-01
103,28,6,6,continuidad,vigente,2,2024-08-01
104,28,6,7,continuidad,vigente,3,2025-03-01
105,28,6,8,continuidad,vigente,4,2025-08-01
106,29,4,3,nueva,vigente,1,2023-03-01
107,29,4,4,continuidad,vigente,2,2023-08-01
108,29,4,5,continuidad,vigente,3,2024-03-01
109,29,4,6,continuidad,retirada,4,2024-08-01
110,30,3,7,nueva,vigente,1,2025-03-01
111,30,3,8,continuidad,vigente,2,2025-08-01
112,31,3,5,nueva,vigente,1,2024-03-01
113,31,3,6,continuidad,vigente,2,2024-08-01
114,31,3,7,continuidad,vigente,3,2025-03-01
115,31,3,8,continuidad,vigente,4,2025-08-01
116,32,3,5,nueva,suspendida,1,2024-03-01
117,33,1,2,nueva,vigente,1,2022-08-01
118,33,1,3,continuidad,vigente,2,2023-03-01
119,33,1,4,continuidad,vigente,3,2023-08-01
120,33,1,5,continuidad,vigente,4,2024-03-01
121,33,1,6,continuidad,vigente,5,2024-08-01
122,33,1,7,continuidad,vigente,6,2025-03-01
123,33,1,8,continuidad,vigente,7,2025-08-01
124,34,3,5,nueva,vigente,1,2024-03-01
125,34,3,6,continuidad,vigente,2,2024-08-01
126,34,3,7,continuidad,vigente,3,2025-03-01
127,34,3,8,continuidad,vigente,4,2025-08-01
128,35,3,3,nueva,vigente,1,2023-03-01
129,35,3,4,continuidad,vigente,2,2023-08-01
130,35,3,5,continuidad,vigente,3,2024-03-01
131,35,3,6,continuidad,vigente,4,2024-08-01
132,35,3,7,continuidad,vigente,5,2025-03-01
133,36,3,6,nueva,vigente,1,2024-08-01
134,36,3,7,continuidad,vigente,2,2025-03-01
135,36,3,8,continuidad,vigente,3,2025-08-01
136,37,1,6,nueva,vigente,1,2024-08-01
137,37,1,7,continuidad,vigente,2,2025-03-01
138,37,1,8,continuidad,vigente,3,2025-08-01
139,38,3,6,nueva,vigente,1,2024-08-01
140,38,3,7,continuidad,vigente,2,2025-03-01
141,38,3,8,continuidad,vigente,3,2025-08-01
142,39,2,7,nueva,vigente,1,2025-03-01
143,39,2,8,continuidad,vigente,2,2025-08-01
144,40,6,3,nueva,vigente,1,2023-03-01
145,40,6,4,continuidad,vigente,2,2023-08-01
146,40,6,5,continuidad,vigente,3,2024-03-01
147,40,6,6,continuidad,vigente,4,2024-08-01
148,40,6,7,continuidad,vigente,5,2025-03-01
149,41,4,5,nueva,vigente,1,2024-03-01
150,41,4,6,continuidad,vigente,2,2024-08-01
151,41,4,7,continuidad,retirada,3,2025-03-01
152,42,6,6,nueva,suspendida,1,2024-08-01
153,43,6,1,nueva,vigente,1,2022-03-01
154,43,6,2,continuidad,vigente,2,2022-08-01
155,43,6,3,continuidad,vigente,3,2023-03-01
156,43,6,4,continuidad,retirada,4,2023-08-01
157,44,2,4,nueva,vigente,1,2023-08-01
158,44,2,5,continuidad,vigente,2,2024-03-01
159,44,2,6,continuidad,vigente,3,2024-08-01
160,44,2,7,continuidad,vigente,4,2025-03-01
161,44,2,8,continuidad,vigente,5,2025-08-01
162,45,3,8,nueva,vigente,1,2025-08-01
163,46,2,5,nueva,vigente,1,2024-03-01
164,46,2,6,continuidad,vigente,2,2024-08-01
165,46,2,7,continuidad,vigente,3,2025-03-01
166,46,2,8,continuidad,vigente,4,2025-08-01
167,47,6,1,nueva,vigente,1,2022-03-01
168,47,6,2,continuidad,vigente,2,2022-08-01
169,47,6,3,continuidad,vigente,3,2023-03-01
170,47,6,4,continuidad,vigente,4,2023-08-01
171,47,6,5,continuidad,vigente,5,2024-03-01
172,48,3,4,nueva,vigente,1,2023-08-01
173,48,3,5,continuidad,vigente,2,2024-03-01
174,48,3,6,continuidad,vigente,3,2024-08-01
175,48,3,7,continuidad,vigente,4,2025-03-01
176,48,3,8,continuidad,vigente,5,2025-08-01
177,49,4,8,nueva,vigente,1,2025-08-01
178,50,3,2,nueva,vigente,1,2022-08-01
179,50,3,3,continuidad,vigente,2,2023-03-01
180,50,3,4,continuidad,vigente,3,2023-08-01
181,50,3,5,continuidad,vigente,4,2024-03-01
182,50,3,6,continuidad,vigente,5,2024-08-01
183,51,2,2,nueva,vigente,1,2022-08-01
184,51,2,3,continuidad,vigente,2,2023-03-01
185,51,2,4,continuidad,vigente,3,2023-08-01
186,51,2,5,continuidad,suspendida,4,2024-03-01
187,52,1,8,nueva,vigente,1,2025-08-01
188,53,1,3,nueva,vigente,1,2023-03-01
189,53,1,4,continuidad,retirada,2,2023-08-01
190,54,1,6,nueva,vigente,1,2024-08-01
191,54,1,7,continuidad,vigente,2,2025-03-01
192,54,1,8,continuidad,vigente,3,2025-08-01
193,55,3,6,nueva,vigente,1,2024-08-01
194,55,3,7,continuidad,vigente,2,2025-03-01
195,55,3,8,continuidad,vigente,3,2025-08-01
196,56,5,3,nueva,vigente,1,2023-03-01
197,56,5,4,continuidad,suspendida,2,2023-08-01
198,57,3,8,nueva,vigente,1,2025-08-01
199,58,5,3,nueva,vigente,1,2023-03-01
200,58,5,4,continuidad,vigente,2,2023-08-01
201,58,5,5,continuidad,vigente,3,2024-03-01
202,58,5,6,continuidad,vigente,4,2024-08-01
203,58,5,7,continuidad,vigente,5,2025-03-01
204,58,5,8,continuidad,vigente,6,2025-08-01
205,59,2,3,nueva,vigente,1,2023-03-01
206,59,2,4,continuidad,vigente,2,2023-08-01
207,59,2,5,continuidad,vigente,3,2024-03-01
208,59,2,6,continuidad,vigente,4,2024-08-01
209,59,2,7,continuidad,vigente,5,2025-03-01
210,59,2,8,continuidad,vigente,6,2025-08-01
211,60,3,3,nueva,vigente,1,2023-03-01
212,60,3,4,continuidad,vigente,2,2023-08-01
213,60,3,5,continuidad,vigente,3,2024-03-01
214,60,3,6,continuidad,vigente,4,2024-08-01
215,60,3,7,continuidad,vigente,5,2025-03-01
216,61,6,5,nueva,vigente,1,2024-03-01
217,61,6,6,continuidad,vigente,2,2024-08-01
218,61,6,7,continuidad,vigente,3,2025-03-01
219,61,6,8,continuidad,vigente,4,2025-08-01
220,62,1,6,nueva,vigente,1,2024-08-01
221,62,1,7,continuidad,vigente,2,2025-03-01
222,62,1,8,continuidad,vigente,3,2025-08-01
223,63,1,1,nueva,vigente,1,2022-03-01
224,63,1,2,continuidad,vigente,2,2022-08-01
225,63,1,3,continuidad,vigente,3,2023-03-01
226,63,1,4,continuidad,vigente,4,2023-08-01
227,63,1,5,continuidad,vigente,5,2024-03-01
228,63,1,6,continuidad,vigente,6,2024-08-01
229,63,1,7,continuidad,retirada,7,2025-03-01
230,64,5,5,nueva,vigente,1,2024-03-01
231,64,5,6,continuidad,vigente,2,2024-08-01
232,64,5,7,continuidad,vigente,3,2025-03-01
233,64,5,8,continuidad,vigente,4,2025-08-01
234,65,5,6,nueva,vigente,1,2024-08-01
235,65,5,7,continuidad,vigente,2,2025-03-01
236,65,5,8,continuidad,vigente,3,2025-08-01
237,66,3,3,nueva,vigente,1,2023-03-01
238,66,3,4,continuidad,vigente,2,2023-08-01
239,66,3,5,continuidad,vigente,3,2024-03-01
240,66,3,6,continuidad,vigente,4,2024-08-01
241,66,3,7,continuidad,retirada,5,2025-03-01
242,67,3,7,nueva,suspendida,1,2025-03-01
243,68,1,1,nueva,vigente,1,2022-03-01
244,68,1,2,continuidad,vigente,2,2022-08-01
245,68,1,3,continuidad,vigente,3,2023-03-01
246,68,1,4,continuidad,vigente,4,2023-08-01
247,68,1,5,continuidad,vigente,5,2024-03-01
248,68,1,6,continuidad,vigente,6,2024-08-01
249,68,1,7,continuidad,vigente,7,2025-03-01
250,68,1,8,continuidad,vigente,8,2025-08-01
251,69,3,1,nueva,vigente,1,2022-03-01
252,69,3,2,continuidad,suspendida,2,2022-08-01
253,70,4,5,nueva,vigente,1,2024-03-01
254,70,4,6,continuidad,vigente,2,2024-08-01
255,70,4,7,continuidad,vigente,3,2025-03-01
256,70,4,8,continuidad,vigente,4,2025-08-01
257,71,4,3,nueva,vigente,1,2023-03-01
258,71,4,4,continuidad,vigente,2,2023-08-01
259,71,4,5,continuidad,vigente,3,2024-03-01
260,71,4,6,continuidad,vigente,4,2024-08-01
261,71,4,7,continuidad,vigente,5,2025-03-01
262,72,3,6,nueva,vigente,1,2024-08-01
263,72,3,7,continuidad,vigente,2,2025-03-01
264,72,3,8,continuidad,vigente,3,2025-08-01
265,73,4,6,nueva,vigente,1,2024-08-01
266,73,4,7,continuidad,vigente,2,2025-03-01
267,73,4,8,continuidad,vigente,3,2025-08-01
268,74,3,7,nueva,vigente,1,2025-03-01
269,74,3,8,continuidad,vigente,2,2025-08-01
270,75,5,5,nueva,vigente,1,2024-03-01
271,75,5,6,continuidad,vigente,2,2024-08-01
272,75,5,7,continuidad,vigente,3,2025-03-01
273,75,5,8,continuidad,vigente,4,2025-08-01
274,76,3,3,nueva,retirada,1,2023-03-01
275,77,5,1,nueva,vigente,1,2022-03-01
276,77,5,2,continuidad,vigente,2,2022-08-01
277,77,5,3,continuidad,vigente,3,2023-03-01
278,77,5,4,continuidad,vigente,4,2023-08-01
279,77,5,5,continuidad,vigente,5,2024-03-01
280,77,5,6,continuidad,vigente,6,2024-08-01
281,77,5,7,continuidad,vigente,7,2025-03-01
282,77,5,8,continuidad,vigente,8,2025-08-01
283,78,6,5,nueva,suspendida,1,2024-03-01
284,79,6,5,nueva,vigente,1,2024-03-01
285,79,6,6,continuidad,vigente,2,2024-08-01
286,79,6,7,continuidad,retirada,3,2025-03-01
287,80,2,3,nueva,vigente,1,2023-03-01
288,80,2,4,continuidad,vigente,2,2023-08-01
289,80,2,5,continuidad,vigente,3,2024-03-01
290,80,2,6,continuidad,vigente,4,2024-08-01
291,80,2,7,continuidad,vigente,5,2025-03-01
292,80,2,8,continuidad,vigente,6,2025-08-01
293,81,4,1,nueva,vigente,1,2022-03-01
294,81,4,2,continuidad,vigente,2,2022-08-01
295,81,4,3,continuidad,vigente,3,2023-03-01
296,81,4,4,continuidad,vigente,4,2023-08-01
297,81,4,5,continuidad,vigente,5,2024-03-01
298,82,3,5,nueva,suspendida,1,2024-03-01
299,83,4,3,nueva,vigente,1,2023-03-01
300,83,4,4,continuidad,vigente,2,2023-08-01
301,83,4,5,continuidad,vigente,3,2024-03-01
302,83,4,6,continuidad,vigente,4,2024-08-01
303,83,4,7,continuidad,vigente,5,2025-03-01
304,84,2,3,nueva,vigente,1,2023-03-01
305,84,2,4,continuidad,vigente,2,2023-08-01
306,84,2,5,continuidad,suspendida,3,2024-03-01
307,85,6,7,nueva,suspendida,1,2025-03-01
308,86,4,7,nueva,vigente,1,2025-03-01
309,86,4,8,continuidad,vigente,2,2025-08-01
310,87,3,2,nueva,suspendida,1,2022-08-01
311,88,3,7,nueva,vigente,1,2025-03-01
312,88,3,8,continuidad,vigente,2,2025-08-01
313,89,6,3,nueva,vigente,1,2023-03-01
314,89,6,4,continuidad,vigente,2,2023-08-01
315,89,6,5,continuidad,vigente,3,2024-03-01
316,89,6,6,continuidad,retirada,4,2024-08-01
317,90,4,6,nueva,vigente,1,2024-08-01
318,90,4,7,continuidad,vigente,2,2025-03-01
319,90,4,8,continuidad,vigente,3,2025-08-01
320,91,5,7,nueva,vigente,1,2025-03-01
321,91,5,8,continuidad,vigente,2,2025-08-01
322,92,3,3,nueva,vigente,1,2023-03-01
323,92,3,4,continuidad,vigente,2,2023-08-01
324,92,3,5,continuidad,vigente,3,2024-03-01
325,92,3,6,continuidad,vigente,4,2024-08-01
326,92,3,7,continuidad,vigente,5,2025-03-01
327,93,5,7,nueva,vigente,1,2025-03-01
328,93,5,8,continuidad,vigente,2,2025-08-01
329,94,2,5,nueva,vigente,1,2024-03-01
330,94,2,6,continuidad,vigente,2,2024-08-01
331,94,2,7,continuidad,vigente,3,2025-03-01
332,94,2,8,continuidad,vigente,4,2025-08-01
333,95,1,2,nueva,vigente,1,2022-08-01
334,95,1,3,continuidad,vigente,2,2023-03-01
335,95,1,4,continuidad,suspendida,3,2023-08-01
336,96,2,7,nueva,vigente,1,2025-03-01
337,96,2,8,continuidad,vigente,2,2025-08-01
338,97,4,3,nueva,vigente,1,2023-03-01
339,97,4,4,continuidad,vigente,2,2023-08-01
340,97,4,5,continuidad,vigente,3,2024-03-01
341,97,4,6,continuidad,vigente,4,2024-08-01
342,97,4,7,continuidad,suspendida,5,2025-03-01
343,98,5,6,nueva,retirada,1,2024-08-01
344,99,2,1,nueva,retirada,1,2022-03-01
345,100,4,1,nueva,vigente,1,2022-03-01
346,100,4,2,continuidad,vigente,2,2022-08-01
347,100,4,3,continuidad,vigente,3,2023-03-01
348,100,4,4,continuidad,vigente,4,2023-08-01
349,100,4,5,continuidad,vigente,5,2024-03-01
350,101,4,3,nueva,vigente,1,2023-03-01
351,101,4,4,continuidad,vigente,2,2023-08-01
352,101,4,5,continuidad,vigente,3,2024-03-01
353,101,4,6,continuidad,vigente,4,2024-08-01
354,101,4,7,continuidad,vigente,5,2025-03-01
355,102,3,5,nueva,vigente,1,2024-03-01
356,102,3,6,continuidad,suspendida,2,2024-08-01
357,103,2,8,nueva,vigente,1,2025-08-01
358,104,4,4,nueva,vigente,1,2023-08-01
359,104,4,5,continuidad,vigente,2,2024-03-01
360,104,4,6,continuidad,retirada,3,2024-08-01
361,105,4,7,nueva,vigente,1,2025-03-01
362,105,4,8,continuidad,vigente,2,2025-08-01
363,106,3,5,nueva,vigente,1,2024-03-01
364,106,3,6,continuidad,vigente,2,2024-08-01
365,106,3,7,continuidad,vigente,3,2025-03-01
366,106,3,8,continuidad,vigente,4,2025-08-01
367,107,1,6,nueva,suspendida,1,2024-08-01
368,108,6,5,nueva,vigente,1,2024-03-01
369,108,6,6,continuidad,vigente,2,2024-08-01
370,108,6,7,continuidad,vigente,3,2025-03-01
371,108,6,8,continuidad,vigente,4,2025-08-01
372,109,6,8,nueva,vigente,1,2025-08-01
373,110,3,2,nueva,vigente,1,2022-08-01
374,110,3,3,continuidad,vigente,2,2023-03-01
375,110,3,4,continuidad,vigente,3,2023-08-01
376,110,3,5,continuidad,vigente,4,2024-03-01
377,110,3,6,continuidad,vigente,5,2024-08-01
378,111,6,1,nueva,vigente,1,2022-03-01
379,111,6,2,continuidad,retirada,2,2022-08-01
380,112,1,7,nueva,vigente,1,2025-03-01
381,112,1,8,continuidad,vigente,2,2025-08-01
382,113,6,5,nueva,vigente,1,2024-03-01
383,113,6,6,continuidad,vigente,2,2024-08-01
384,113,6,7,continuidad,vigente,3,2025-03-01
385,113,6,8,continuidad,vigente,4,2025-08-01
386,114,4,5,nueva,suspendida,1,2024-03-01
387,115,3,4,nueva,vigente,1,2023-08-01
388,115,3,5,continuidad,vigente,2,2024-03-01
389,115,3,6,continuidad,vigente,3,2024-08-01
390,115,3,7,continuidad,retirada,4,2025-03-01
391,116,4,8,nueva,vigente,1,2025-08-01
392,117,5,2,nueva,vigente,1,2022-08-01
393,117,5,3,continuidad,vigente,2,2023-03-01
394,117,5,4,continuidad,vigente,3,2023-08-01
395,117,5,5,continuidad,vigente,4,2024-03-01
396,117,5,6,continuidad,vigente,5,2024-08-01
397,117,5,7,continuidad,vigente,6,2025-03-01
398,117,5,8,continuidad,vigente,7,2025-08-01
399,118,3,7,nueva,vigente,1,2025-03-01
400,118,3,8,continuidad,vigente,2,2025-08-01
401,119,2,3,nueva,vigente,1,2023-03-01
402,119,2,4,continuidad,vigente,2,2023-08-01
403,119,2,5,continuidad,vigente,3,2024-03-01
404,119,2,6,continuidad,vigente,4,2024-08-01
405,119,2,7,continuidad,vigente,5,2025-03-01
406,119,2,8,continuidad,vigente,6,2025-08-01
407,120,1,3,nueva,vigente,1,2023-03-01
408,120,1,4,continuidad,vigente,2,2023-08-01
409,120,1,5,continuidad,vigente,3,2024-03-01
410,120,1,6,continuidad,vigente,4,2024-08-01
411,120,1,7,continuidad,vigente,5,2025-03-01
412,120,1,8,continuidad,vigente,6,2025-08-01
413,121,3,7,nueva,vigente,1,2025-03-01
414,121,3,8,continuidad,vigente,2,2025-08-01
415,122,1,4,nueva,suspendida,1,2023-08-01
416,123,2,7,nueva,vigente,1,2025-03-01
417,123,2,8,continuidad,vigente,2,2025-08-01
418,124,5,6,nueva,suspendida,1,2024-08-01
419,125,4,5,nueva,vigente,1,2024-03-01
420,125,4,6,continuidad,vigente,2,2024-08-01
421,125,4,7,continuidad,vigente,3,2025-03-01
422,125,4,8,continuidad,vigente,4,2025-08-01
423,126,3,5,nueva,vigente,1,2024-03-01
424,126,3,6,continuidad,vigente,2,2024-08-01
425,126,3,7,continuidad,vigente,3,2025-03-01
426,126,3,8,continuidad,vigente,4,2025-08-01
427,127,6,2,nueva,vigente,1,2022-08-01
428,127,6,3,continuidad,vigente,2,2023-03-01
429,127,6,4,continuidad,vigente,3,2023-08-01
430,127,6,5,continuidad,vigente,4,2024-03-01
431,127,6,6,continuidad,suspendida,5,2024-08-01
432,128,2,5,nueva,suspendida,1,2024-03-01
433,129,4,5,nueva,vigente,1,2024-03-01
434,129,4,6,continuidad,vigente,2,2024-08-01
435,129,4,7,continuidad,vigente,3,2025-03-01
436,129,4,8,continuidad,vigente,4,2025-08-01
437,130,1,5,nueva,vigente,1,2024-03-01
438,130,1,6,continuidad,vigente,2,2024-08-01
439,130,1,7,continuidad,vigente,3,2025-03-01
440,130,1,8,continuidad,vigente,4,2025-08-01
441,131,1,8,nueva,vigente,1,2025-08-01
442,132,3,1,nueva,retirada,1,2022-03-01
443,133,3,1,nueva,vigente,1,2022-03-01
444,133,3,2,continuidad,vigente,2,2022-08-01
445,133,3,3,continuidad,vigente,3,2023-03-01
446,133,3,4,continuidad,vigente,4,2023-08-01
447,133,3,5,continuidad,vigente,5,2024-03-01
448,134,6,4,nueva,vigente,1,2023-08-01
449,134,6,5,continuidad,vigente,2,2024-03-01
450,134,6,6,continuidad,vigente,3,2024-08-01
451,134,6,7,continuidad,suspendida,4,2025-03-01
452,135,2,1,nueva,vigente,1,2022-03-01
453,135,2,2,continuidad,vigente,2,2022-08-01
454,135,2,3,continuidad,vigente,3,2023-03-01
455,135,2,4,continuidad,vigente,4,2023-08-01
456,135,2,5,continuidad,vigente,5,2024-03-01
457,135,2,6,continuidad,vigente,6,2024-08-01
458,135,2,7,continuidad,suspendida,7,2025-03-01
459,136,5,1,nueva,vigente,1,2022-03-01
460,136,5,2,continuidad,vigente,2,2022-08-01
461,136,5,3,continuidad,vigente,3,2023-03-01
462,136,5,4,continuidad,vigente,4,2023-08-01
463,136,5,5,continuidad,vigente,5,2024-03-01
464,136,5,6,continuidad,vigente,6,2024-08-01
465,136,5,7,continuidad,retirada,7,2025-03-01
466,137,6,6,nueva,vigente,1,2024-08-01
467,137,6,7,continuidad,vigente,2,2025-03-01
468,137,6,8,continuidad,vigente,3,2025-08-01
469,138,1,5,nueva,suspendida,1,2024-03-01
470,139,5,8,nueva,vigente,1,2025-08-01
471,140,1,3,nueva,vigente,1,2023-03-01
472,140,1,4,continuidad,vigente,2,2023-08-01
473,140,1,5,continuidad,vigente,3,2024-03-01
474,140,1,6,continuidad,vigente,4,2024-08-01
475,140,1,7,continuidad,vigente,5,2025-03-01
476,140,1,8,continuidad,vigente,6,2025-08-01
477,141,4,7,nueva,vigente,1,2025-03-01
478,141,4,8,continuidad,vigente,2,2025-08-01
479,142,4,2,nueva,vigente,1,2022-08-01
480,142,4,3,continuidad,vigente,2,2023-03-01
481,142,4,4,continuidad,vigente,3,2023-08-01
482,142,4,5,continuidad,vigente,4,2024-03-01
483,142,4,6,continuidad,vigente,5,2024-08-01
484,143,5,4,nueva,vigente,1,2023-08-01
485,143,5,5,continuidad,vigente,2,2024-03-01
486,143,5,6,continuidad,vigente,3,2024-08-01
487,143,5,7,continuidad,vigente,4,2025-03-01
488,143,5,8,continuidad,vigente,5,2025-08-01
489,144,5,1,nueva,vigente,1,2022-03-01
490,144,5,2,continuidad,vigente,2,2022-08-01
491,144,5,3,continuidad,vigente,3,2023-03-01
492,144,5,4,continuidad,vigente,4,2023-08-01
493,144,5,5,continuidad,vigente,5,2024-03-01
494,144,5,6,continuidad,vigente,6,2024-08-01
495,144,5,7,continuidad,vigente,7,2025-03-01
496,144,5,8,continuidad,vigente,8,2025-08-01
497,145,4,5,nueva,vigente,1,2024-03-01
498,145,4,6,continuidad,vigente,2,2024-08-01
499,145,4,7,continuidad,vigente,3,2025-03-01
500,145,4,8,continuidad,vigente,4,2025-08-01
501,146,3,3,nueva,vigente,1,2023-03-01
502,146,3,4,continuidad,vigente,2,2023-08-01
503,146,3,5,continuidad,vigente,3,2024-03-01
504,146,3,6,continuidad,vigente,4,2024-08-01
505,146,3,7,continuidad,vigente,5,2025-03-01
506,147,3,4,nueva,vigente,1,2023-08-01
507,147,3,5,continuidad,vigente,2,2024-03-01
508,147,3,6,continuidad,vigente,3,2024-08-01
509,147,3,7,continuidad,vigente,4,2025-03-01
510,147,3,8,continuidad,vigente,5,2025-08-01
511,148,6,8,nueva,vigente,1,2025-08-01
512,149,5,4,nueva,vigente,1,2023-08-01
513,149,5,5,continuidad,vigente,2,2024-03-01
514,149,5,6,continuidad,vigente,3,2024-08-01
515,149,5,7,continuidad,retirada,4,2025-03-01
516,150,2,8,nueva,vigente,1,2025-08-01
517,151,2,6,nueva,vigente,1,2024-08-01
518,151,2,7,continuidad,vigente,2,2025-03-01
519,151,2,8,continuidad,vigente,3,2025-08-01
520,152,4,5,nueva,vigente,1,2024-03-01
521,152,4,6,continuidad,vigente,2,2024-08-01
522,152,4,7,continuidad,vigente,3,2025-03-01
523,152,4,8,continuidad,vigente,4,2025-08-01
524,153,6,5,nueva,suspendida,1,2024-03-01
525,154,2,4,nueva,vigente,1,2023-08-01
526,154,2,5,continuidad,vigente,2,2024-03-01
527,154,2,6,continuidad,vigente,3,2024-08-01
528,154,2,7,continuidad,vigente,4,2025-03-01
529,154,2,8,continuidad,vigente,5,2025-08-01
530,155,2,1,nueva,vigente,1,2022-03-01
531,155,2,2,continuidad,vigente,2,2022-08-01
532,155,2,3,continuidad,vigente,3,2023-03-01
533,155,2,4,continuidad,vigente,4,2023-08-01
534,155,2,5,continuidad,vigente,5,2024-03-01
535,155,2,6,continuidad,vigente,6,2024-08-01
536,155,2,7,continuidad,vigente,7,2025-03-01
537,155,2,8,continuidad,vigente,8,2025-08-01
538,156,6,1,nueva,vigente,1,2022-03-01
539,156,6,2,continuidad,vigente,2,2022-08-01
540,156,6,3,continuidad,retirada,3,2023-03-01
541,157,1,4,nueva,suspendida,1,2023-08-01
542,158,2,4,nueva,vigente,1,2023-08-01
543,158,2,5,continuidad,vigente,2,2024-03-01
544,158,2,6,continuidad,vigente,3,2024-08-01
545,158,2,7,continuidad,vigente,4,2025-03-01
546,158,2,8,continuidad,vigente,5,2025-08-01
547,159,4,5,nueva,vigente,1,2024-03-01
548,159,4,6,continuidad,vigente,2,2024-08-01
549,159,4,7,continuidad,vigente,3,2025-03-01
550,159,4,8,continuidad,vigente,4,2025-08-01
551,160,5,8,nueva,vigente,1,2025-08-01
552,161,3,5,nueva,vigente,1,2024-03-01
553,161,3,6,continuidad,vigente,2,2024-08-01
554,161,3,7,continuidad,vigente,3,2025-03-01
555,161,3,8,continuidad,vigente,4,2025-08-01
556,162,6,5,nueva,vigente,1,2024-03-01
557,162,6,6,continuidad,vigente,2,2024-08-01
558,162,6,7,continuidad,vigente,3,2025-03-01
559,162,6,8,continuidad,vigente,4,2025-08-01
560,163,5,3,nueva,vigente,1,2023-03-01
561,163,5,4,continuidad,vigente,2,2023-08-01
562,163,5,5,continuidad,vigente,3,2024-03-01
563,163,5,6,continuidad,vigente,4,2024-08-01
564,163,5,7,continuidad,vigente,5,2025-03-01
565,163,5,8,continuidad,vigente,6,2025-08-01
566,164,6,5,nueva,vigente,1,2024-03-01
567,164,6,6,continuidad,retirada,2,2024-08-01
568,165,3,5,nueva,vigente,1,2024-03-01
569,165,3,6,continuidad,vigente,2,2024-08-01
570,165,3,7,continuidad,vigente,3,2025-03-01
571,165,3,8,continuidad,vigente,4,2025-08-01
572,166,2,7,nueva,vigente,1,2025-03-01
573,166,2,8,continuidad,vigente,2,2025-08-01
574,167,1,7,nueva,vigente,1,2025-03-01
575,167,1,8,continuidad,vigente,2,2025-08-01
576,168,4,5,nueva,vigente,1,2024-03-01
577,168,4,6,continuidad,vigente,2,2024-08-01
578,168,4,7,continuidad,vigente,3,2025-03-01
579,168,4,8,continuidad,vigente,4,2025-08-01
580,169,6,8,nueva,vigente,1,2025-08-01
581,170,1,5,nueva,vigente,1,2024-03-01
582,170,1,6,continuidad,vigente,2,2024-08-01
583,170,1,7,continuidad,retirada,3,2025-03-01
584,171,5,8,nueva,vigente,1,2025-08-01
585,172,2,3,nueva,vigente,1,2023-03-01
586,172,2,4,continuidad,vigente,2,2023-08-01
587,172,2,5,continuidad,vigente,3,2024-03-01
588,172,2,6,continuidad,vigente,4,2024-08-01
589,172,2,7,continuidad,vigente,5,2025-03-01
590,172,2,8,continuidad,vigente,6,2025-08-01
591,173,4,1,nueva,suspendida,1,2022-03-01
592,174,1,2,nueva,vigente,1,2022-08-01
593,174,1,3,continuidad,vigente,2,2023-03-01
594,174,1,4,continuidad,vigente,3,2023-08-01
595,174,1,5,continuidad,vigente,4,2024-03-01
596,174,1,6,continuidad,vigente,5,2024-08-01
597,174,1,7,continuidad,vigente,6,2025-03-01
598,174,1,8,continuidad,vigente,7,2025-08-01
599,175,5,7,nueva,vigente,1,2025-03-01
600,175,5,8,continuidad,vigente,2,2025-08-01
601,176,6,6,nueva,vigente,1,2024-08-01
602,176,6,7,continuidad,suspendida,2,2025-03-01
603,177,1,4,nueva,vigente,1,2023-08-01
604,177,1,5,continuidad,vigente,2,2024-03-01
605,177,1,6,continuidad,vigente,3,2024-08-01
606,177,1,7,continuidad,vigente,4,2025-03-01
607,177,1,8,continuidad,vigente,5,2025-08-01
608,178,3,3,nueva,vigente,1,2023-03-01
609,178,3,4,continuidad,vigente,2,2023-08-01
610,178,3,5,continuidad,vigente,3,2024-03-01
611,178,3,6,continuidad,vigente,4,2024-08-01
612,178,3,7,continuidad,vigente,5,2025-03-01
613,179,5,5,nueva,vigente,1,2024-03-01
614,179,5,6,continuidad,vigente,2,2024-08-01
615,179,5,7,continuidad,vigente,3,2025-03-01
616,179,5,8,continuidad,vigente,4,2025-08-01
617,180,5,3,nueva,vigente,1,2023-03-01
618,180,5,4,continuidad,vigente,2,2023-08-01
619,180,5,5,continuidad,vigente,3,2024-03-01
620,180,5,6,continuidad,vigente,4,2024-08-01
621,180,5,7,continuidad,vigente,5,2025-03-01
622,180,5,8,continuidad,vigente,6,2025-08-01
623,181,1,5,nueva,vigente,1,2024-03-01
624,181,1,6,continuidad,vigente,2,2024-08-01
625,181,1,7,continuidad,vigente,3,2025-03-01
626,181,1,8,continuidad,vigente,4,2025-08-01
627,182,1,6,nueva,vigente,1,2024-08-01
628,182,1,7,continuidad,vigente,2,2025-03-01
629,182,1,8,continuidad,vigente,3,2025-08-01
630,183,4,5,nueva,vigente,1,2024-03-01
631,183,4,6,continuidad,vigente,2,2024-08-01
632,183,4,7,continuidad,retirada,3,2025-03-01
633,184,1,5,nueva,vigente,1,2024-03-01
634,184,1,6,continuidad,vigente,2,2024-08-01
635,184,1,7,continuidad,vigente,3,2025-03-01
636,184,1,8,continuidad,vigente,4,2025-08-01
637,185,5,2,nueva,vigente,1,2022-08-01
638,185,5,3,continuidad,vigente,2,2023-03-01
639,185,5,4,continuidad,vigente,3,2023-08-01
640,185,5,5,continuidad,vigente,4,2024-03-01
641,185,5,6,continuidad,vigente,5,2024-08-01
642,185,5,7,continuidad,vigente,6,2025-03-01
643,185,5,8,continuidad,vigente,7,2025-08-01
644,186,3,7,nueva,retirada,1,2025-03-01
645,187,3,7,nueva,vigente,1,2025-03-01
646,187,3,8,continuidad,vigente,2,2025-08-01
647,188,4,1,nueva,vigente,1,2022-03-01
648,188,4,2,continuidad,vigente,2,2022-08-01
649,188,4,3,continuidad,vigente,3,2023-03-01
650,188,4,4,continuidad,vigente,4,2023-08-01
651,188,4,5,continuidad,vigente,5,2024-03-01
652,189,1,6,nueva,vigente,1,2024-08-01
653,189,1,7,continuidad,vigente,2,2025-03-01
654,189,1,8,continuidad,vigente,3,2025-08-01
655,190,3,8,nueva,vigente,1,2025-08-01
656,191,1,4,nueva,vigente,1,2023-08-01
657,191,1,5,continuidad,vigente,2,2024-03-01
658,191,1,6,continuidad,vigente,3,2024-08-01
659,191,1,7,continuidad,vigente,4,2025-03-01
660,191,1,8,continuidad,vigente,5,2025-08-01
661,192,2,7,nueva,vigente,1,2025-03-01
662,192,2,8,continuidad,vigente,2,2025-08-01
663,193,1,1,nueva,vigente,1,2022-03-01
664,193,1,2,continuidad,vigente,2,2022-08-01
665,193,1,3,continuidad,vigente,3,2023-03-01
666,193,1,4,continuidad,vigente,4,2023-08-01
667,193,1,5,continuidad,vigente,5,2024-03-01
668,193,1,6,continuidad,suspendida,6,2024-08-01
669,194,3,7,nueva,retirada,1,2025-03-01
670,195,6,6,nueva,vigente,1,2024-08-01
671,195,6,7,continuidad,vigente,2,2025-03-01
672,195,6,8,continuidad,vigente,3,2025-08-01
673,196,3,7,nueva,vigente,1,2025-03-01
674,196,3,8,continuidad,vigente,2,2025-08-01
675,197,5,5,nueva,vigente,1,2024-03-01
676,197,5,6,continuidad,retirada,2,2024-08-01
677,198,3,7,nueva,vigente,1,2025-03-01
678,198,3,8,continuidad,vigente,2,2025-08-01
679,199,2,7,nueva,suspendida,1,2025-03-01
680,200,1,3,nueva,vigente,1,2023-03-01
681,200,1,4,continuidad,vigente,2,2023-08-01
682,200,1,5,continuidad,vigente,3,2024-03-01
683,200,1,6,continuidad,vigente,4,2024-08-01
684,200,1,7,continuidad,vigente,5,2025-03-01
685,200,1,8,continuidad,vigente,6,2025-08-01
686,201,3,6,nueva,vigente,1,2024-08-01
687,201,3,7,continuidad,vigente,2,2025-03-01
688,201,3,8,continuidad,vigente,3,2025-08-01
689,202,3,7,nueva,vigente,1,2025-03-01
690,202,3,8,continuidad,vigente,2,2025-08-01
691,203,4,7,nueva,vigente,1,2025-03-01
692,203,4,8,continuidad,vigente,2,2025-08-01
693,204,5,5,nueva,vigente,1,2024-03-01
694,204,5,6,continuidad,vigente,2,2024-08-01
695,204,5,7,continuidad,vigente,3,2025-03-01
696,204,5,8,continuidad,vigente,4,2025-08-01
697,205,4,3,nueva,vigente,1,2023-03-01
698,205,4,4,continuidad,vigente,2,2023-08-01
699,205,4,5,continuidad,vigente,3,2024-03-01
700,205,4,6,continuidad,vigente,4,2024-08-01
701,205,4,7,continuidad,retirada,5,2025-03-01
702,206,5,5,nueva,vigente,1,2024-03-01
703,206,5,6,continuidad,vigente,2,2024-08-01
704,206,5,7,continuidad,vigente,3,2025-03-01
705,206,5,8,continuidad,vigente,4,2025-08-01
706,207,3,5,nueva,vigente,1,2024-03-01
707,207,3,6,continuidad,vigente,2,2024-08-01
708,207,3,7,continuidad,vigente,3,2025-03-01
709,207,3,8,continuidad,vigente,4,2025-08-01
710,208,3,2,nueva,vigente,1,2022-08-01
711,208,3,3,continuidad,vigente,2,2023-03-01
712,208,3,4,continuidad,vigente,3,2023-08-01
713,208,3,5,continuidad,vigente,4,2024-03-01
714,208,3,6,continuidad,vigente,5,2024-08-01
715,209,4,6,nueva,vigente,1,2024-08-01
716,209,4,7,continuidad,suspendida,2,2025-03-01
717,210,4,7,nueva,vigente,1,2025-03-01
718,210,4,8,continuidad,vigente,2,2025-08-01
719,211,4,5,nueva,vigente,1,2024-03-01
720,211,4,6,continuidad,vigente,2,2024-08-01
721,211,4,7,continuidad,vigente,3,2025-03-01
722,211,4,8,continuidad,vigente,4,2025-08-01
723,212,6,4,nueva,vigente,1,2023-08-01
724,212,6,5,continuidad,vigente,2,2024-03-01
725,212,6,6,continuidad,retirada,3,2024-08-01
726,213,3,7,nueva,vigente,1,2025-03-01
727,213,3,8,continuidad,vigente,2,2025-08-01
728,214,6,7,nueva,vigente,1,2025-03-01
729,214,6,8,continuidad,vigente,2,2025-08-01
730,215,2,1,nueva,vigente,1,2022-03-01
731,215,2,2,continuidad,retirada,2,2022-08-01
732,216,1,3,nueva,vigente,1,2023-03-01
733,216,1,4,continuidad,vigente,2,2023-08-01
734,216,1,5,continuidad,vigente,3,2024-03-01
735,216,1,6,continuidad,vigente,4,2024-08-01
736,216,1,7,continuidad,vigente,5,2025-03-01
737,216,1,8,continuidad,vigente,6,2025-08-01
738,217,5,5,nueva,vigente,1,2024-03-01
739,217,5,6,continuidad,vigente,2,2024-08-01
740,217,5,7,continuidad,vigente,3,2025-03-01
741,217,5,8,continuidad,vigente,4,2025-08-01
742,218,5,5,nueva,vigente,1,2024-03-01
743,218,5,6,continuidad,vigente,2,2024-08-01
744,218,5,7,continuidad,vigente,3,2025-03-01
745,218,5,8,continuidad,vigente,4,2025-08-01
746,219,6,7,nueva,vigente,1,2025-03-01
747,219,6,8,continuidad,vigente,2,2025-08-01
748,220,4,6,nueva,retirada,1,2024-08-01
749,221,5,3,nueva,vigente,1,2023-03-01
750,221,5,4,continuidad,vigente,2,2023-08-01
751,221,5,5,continuidad,suspendida,3,2024-03-01
752,222,3,3,nueva,vigente,1,2023-03-01
753,222,3,4,continuidad,retirada,2,2023-08-01
754,223,3,4,nueva,vigente,1,2023-08-01
755,223,3,5,continuidad,suspendida,2,2024-03-01
756,224,5,1,nueva,vigente,1,2022-03-01
757,224,5,2,continuidad,suspendida,2,2022-08-01
758,225,6,3,nueva,suspendida,1,2023-03-01
759,226,2,6,nueva,vigente,1,2024-08-01
760,226,2,7,continuidad,vigente,2,2025-03-01
761,226,2,8,continuidad,vigente,3,2025-08-01
762,227,4,7,nueva,vigente,1,2025-03-01
763,227,4,8,continuidad,vigente,2,2025-08-01
764,228,1,1,nueva,vigente,1,2022-03-01
765,228,1,2,continuidad,vigente,2,2022-08-01
766,228,1,3,continuidad,vigente,3,2023-03-01
767,228,1,4,continuidad,vigente,4,2023-08-01
768,228,1,5,continuidad,vigente,5,2024-03-01
769,228,1,6,continuidad,vigente,6,2024-08-01
770,228,1,7,continuidad,vigente,7,2025-03-01
771,228,1,8,continuidad,vigente,8,2025-08-01
772,229,3,2,nueva,suspendida,1,2022-08-01
773,230,3,5,nueva,vigente,1,2024-03-01
774,230,3,6,continuidad,vigente,2,2024-08-01
775,230,3,7,continuidad,vigente,3,2025-03-01
776,230,3,8,continuidad,vigente,4,2025-08-01
777,231,5,5,nueva,vigente,1,2024-03-01
778,231,5,6,continuidad,vigente,2,2024-08-01
779,231,5,7,continuidad,vigente,3,2025-03-01
780,231,5,8,continuidad,vigente,4,2025-08-01
781,232,2,7,nueva,vigente,1,2025-03-01
782,232,2,8,continuidad,vigente,2,2025-08-01
783,233,6,5,nueva,vigente,1,2024-03-01
784,233,6,6,continuidad,vigente,2,2024-08-01
785,233,6,7,continuidad,vigente,3,2025-03-01
786,233,6,8,continuidad,vigente,4,2025-08-01
787,234,4,5,nueva,vigente,1,2024-03-01
788,234,4,6,continuidad,vigente,2,2024-08-01
789,234,4,7,continuidad,suspendida,3,2025-03-01
790,235,2,8,nueva,vigente,1,2025-08-01
791,236,5,4,nueva,vigente,1,2023-08-01
792,236,5,5,continuidad,vigente,2,2024-03-01
793,236,5,6,continuidad,vigente,3,2024-08-01
794,236,5,7,continuidad,vigente,4,2025-03-01
795,236,5,8,continuidad,vigente,5,2025-08-01
796,237,5,7,nueva,vigente,1,2025-03-01
797,237,5,8,continuidad,vigente,2,2025-08-01
798,238,4,5,nueva,retirada,1,2024-03-01
799,239,1,5,nueva,vigente,1,2024-03-01
800,239,1,6,continuidad,vigente,2,2024-08-01
801,239,1,7,continuidad,vigente,3,2025-03-01
802,239,1,8,continuidad,vigente,4,2025-08-01
803,240,1,7,nueva,vigente,1,2025-03-01
804,240,1,8,continuidad,vigente,2,2025-08-01
805,241,5,1,nueva,vigente,1,2022-03-01
806,241,5,2,continuidad,vigente,2,2022-08-01
807,241,5,3,continuidad,vigente,3,2023-03-01
808,241,5,4,continuidad,vigente,4,2023-08-01
809,241,5,5,continuidad,vigente,5,2024-03-01
810,241,5,6,continuidad,vigente,6,2024-08-01
811,241,5,7,continuidad,retirada,7,2025-03-01
812,242,1,8,nueva,vigente,1,2025-08-01
813,243,5,7,nueva,vigente,1,2025-03-01
814,243,5,8,continuidad,vigente,2,2025-08-01
815,244,5,7,nueva,vigente,1,2025-03-01
816,244,5,8,continuidad,vigente,2,2025-08-01
817,245,4,5,nueva,vigente,1,2024-03-01
818,245,4,6,continuidad,vigente,2,2024-08-01
819,245,4,7,continuidad,vigente,3,2025-03-01
820,245,4,8,continuidad,vigente,4,2025-08-01
821,246,4,1,nueva,suspendida,1,2022-03-01
822,247,6,1,nueva,retirada,1,2022-03-01
823,248,3,3,nueva,retirada,1,2023-03-01
824,249,2,6,nueva,vigente,1,2024-08-01
825,249,2,7,continuidad,vigente,2,2025-03-01
826,249,2,8,continuidad,vigente,3,2025-08-01
827,250,2,3,nueva,vigente,1,2023-03-01
828,250,2,4,continuidad,vigente,2,2023-08-01
829,250,2,5,continuidad,vigente,3,2024-03-01
830,250,2,6,continuidad,vigente,4,2024-08-01
831,250,2,7,continuidad,vigente,5,2025-03-01
832,250,2,8,continuidad,vigente,6,2025-08-01
833,251,1,6,nueva,vigente,1,2024-08-01
834,251,1,7,continuidad,vigente,2,2025-03-01
835,251,1,8,continuidad,vigente,3,2025-08-01
836,252,5,1,nueva,vigente,1,2022-03-01
837,252,5,2,continuidad,vigente,2,2022-08-01
838,252,5,3,continuidad,vigente,3,2023-03-01
839,252,5,4,continuidad,retirada,4,2023-08-01
840,253,3,2,nueva,vigente,1,2022-08-01
841,253,3,3,continuidad,vigente,2,2023-03-01
842,253,3,4,continuidad,vigente,3,2023-08-01
843,253,3,5,continuidad,vigente,4,2024-03-01
844,253,3,6,continuidad,vigente,5,2024-08-01
845,254,2,8,nueva,vigente,1,2025-08-01
846,255,1,5,nueva,vigente,1,2024-03-01
847,255,1,6,continuidad,vigente,2,2024-08-01
848,255,1,7,continuidad,vigente,3,2025-03-01
849,255,1,8,continuidad,vigente,4,2025-08-01
850,256,6,8,nueva,vigente,1,2025-08-01
851,257,5,3,nueva,vigente,1,2023-03-01
852,257,5,4,continuidad,vigente,2,2023-08-01
853,257,5,5,continuidad,vigente,3,2024-03-01
854,257,5,6,continuidad,vigente,4,2024-08-01
855,257,5,7,continuidad,vigente,5,2025-03-01
856,257,5,8,continuidad,vigente,6,2025-08-01
857,258,2,7,nueva,vigente,1,2025-03-01
858,258,2,8,continuidad,vigente,2,2025-08-01
859,259,1,5,nueva,vigente,1,2024-03-01
860,259,1,6,continuidad,vigente,2,2024-08-01
861,259,1,7,continuidad,vigente,3,2025-03-01
862,259,1,8,continuidad,vigente,4,2025-08-01
863,260,1,7,nueva,vigente,1,2025-03-01
864,260,1,8,continuidad,vigente,2,2025-08-01
865,261,6,3,nueva,suspendida,1,2023-03-01
866,262,6,1,nueva,vigente,1,2022-03-01
867,262,6,2,continuidad,vigente,2,2022-08-01
868,262,6,3,continuidad,vigente,3,2023-03-01
869,262,6,4,continuidad,vigente,4,2023-08-01
870,262,6,5,continuidad,vigente,5,2024-03-01
871,263,1,4,nueva,vigente,1,2023-08-01
872,263,1,5,continuidad,retirada,2,2024-03-01
873,264,4,5,nueva,vigente,1,2024-03-01
874,264,4,6,continuidad,suspendida,2,2024-08-01
875,265,6,8,nueva,vigente,1,2025-08-01
876,266,5,5,nueva,vigente,1,2024-03-01
877,266,5,6,continuidad,vigente,2,2024-08-01
878,266,5,7,continuidad,vigente,3,2025-03-01
879,266,5,8,continuidad,vigente,4,2025-08-01
880,267,3,4,nueva,vigente,1,2023-08-01
881,267,3,5,continuidad,vigente,2,2024-03-01
882,267,3,6,continuidad,vigente,3,2024-08-01
883,267,3,7,continuidad,vigente,4,2025-03-01
884,267,3,8,continuidad,vigente,5,2025-08-01
885,268,3,7,nueva,retirada,1,2025-03-01
886,269,5,5,nueva,suspendida,1,2024-03-01
887,270,4,5,nueva,vigente,1,2024-03-01
888,270,4,6,continuidad,vigente,2,2024-08-01
889,270,4,7,continuidad,vigente,3,2025-03-01
890,270,4,8,continuidad,vigente,4,2025-08-01
891,271,1,3,nueva,suspendida,1,2023-03-01
892,272,6,4,nueva,vigente,1,2023-08-01
893,272,6,5,continuidad,vigente,2,2024-03-01
894,272,6,6,continuidad,vigente,3,2024-08-01
895,272,6,7,continuidad,vigente,4,2025-03-01
896,272,6,8,continuidad,vigente,5,2025-08-01
897,273,4,3,nueva,vigente,1,2023-03-01
898,273,4,4,continuidad,vigente,2,2023-08-01
899,273,4,5,continuidad,suspendida,3,2024-03-01
900,274,4,7,nueva,vigente,1,2025-03-01
901,274,4,8,continuidad,vigente,2,2025-08-01
902,275,6,8,nueva,vigente,1,2025-08-01
903,276,5,2,nueva,vigente,1,2022-08-01
904,276,5,3,continuidad,vigente,2,2023-03-01
905,276,5,4,continuidad,vigente,3,2023-08-01
906,276,5,5,continuidad,vigente,4,2024-03-01
907,276,5,6,continuidad,vigente,5,2024-08-01
908,276,5,7,continuidad,vigente,6,2025-03-01
909,276,5,8,continuidad,vigente,7,2025-08-01
910,277,4,7,nueva,vigente,1,2025-03-01
911,277,4,8,continuidad,vigente,2,2025-08-01
912,278,6,5,nueva,vigente,1,2024-03-01
913,278,6,6,continuidad,vigente,2,2024-08-01
914,278,6,7,continuidad,vigente,3,2025-03-01
915,278,6,8,continuidad,vigente,4,2025-08-01
916,279,3,6,nueva,vigente,1,2024-08-01
917,279,3,7,continuidad,vigente,2,2025-03-01
918,279,3,8,continuidad,vigente,3,2025-08-01
919,280,3,8,nueva,vigente,1,2025-08-01
920,281,5,7,nueva,vigente,1,2025-03-01
921,281,5,8,continuidad,vigente,2,2025-08-01
922,282,6,3,nueva,vigente,1,2023-03-01
923,282,6,4,continuidad,vigente,2,2023-08-01
924,282,6,5,continuidad,vigente,3,2024-03-01
925,282,6,6,continuidad,vigente,4,2024-08-01
926,282,6,7,continuidad,vigente,5,2025-03-01
927,283,4,8,nueva,vigente,1,2025-08-01
928,284,5,6,nueva,vigente,1,2024-08-01
929,284,5,7,continuidad,vigente,2,2025-03-01
930,284,5,8,continuidad,vigente,3,2025-08-01
931,285,3,3,nueva,vigente,1,2023-03-01
932,285,3,4,continuidad,vigente,2,2023-08-01
933,285,3,5,continuidad,vigente,3,2024-03-01
934,285,3,6,continuidad,vigente,4,2024-08-01
935,285,3,7,continuidad,retirada,5,2025-03-01
936,286,6,5,nueva,vigente,1,2024-03-01
937,286,6,6,continuidad,vigente,2,2024-08-01
938,286,6,7,continuidad,suspendida,3,2025-03-01
939,287,3,3,nueva,retirada,1,2023-03-01
940,288,6,8,nueva,vigente,1,2025-08-01
941,289,5,1,nueva,vigente,1,2022-03-01
942,289,5,2,continuidad,vigente,2,2022-08-01
943,289,5,3,continuidad,vigente,3,2023-03-01
944,289,5,4,continuidad,vigente,4,2023-08-01
945,289,5,5,continuidad,vigente,5,2024-03-01
946,289,5,6,continuidad,vigente,6,2024-08-01
947,289,5,7,continuidad,retirada,7,2025-03-01
948,290,1,5,nueva,retirada,1,2024-03-01
949,291,5,3,nueva,vigente,1,2023-03-01
950,291,5,4,continuidad,vigente,2,2023-08-01
951,291,5,5,continuidad,vigente,3,2024-03-01
952,291,5,6,continuidad,vigente,4,2024-08-01
953,291,5,7,continuidad,vigente,5,2025-03-01
954,291,5,8,continuidad,vigente,6,2025-08-01
955,292,3,1,nueva,vigente,1,2022-03-01
956,292,3,2,continuidad,vigente,2,2022-08-01
957,292,3,3,continuidad,vigente,3,2023-03-01
958,292,3,4,continuidad,vigente,4,2023-08-01
959,292,3,5,continuidad,vigente,5,2024-03-01
960,293,3,7,nueva,suspendida,1,2025-03-01
961,294,1,1,nueva,vigente,1,2022-03-01
962,294,1,2,continuidad,suspendida,2,2022-08-01
963,295,5,3,nueva,retirada,1,2023-03-01
964,296,2,3,nueva,suspendida,1,2023-03-01
965,297,4,4,nueva,vigente,1,2023-08-01
966,297,4,5,continuidad,vigente,2,2024-03-01
967,297,4,6,continuidad,vigente,3,2024-08-01
968,297,4,7,continuidad,vigente,4,2025-03-01
969,297,4,8,continuidad,vigente,5,2025-08-01
970,298,4,4,nueva,vigente,1,2023-08-01
971,298,4,5,continuidad,vigente,2,2024-03-01
972,298,4,6,continuidad,vigente,3,2024-08-01
973,298,4,7,continuidad,vigente,4,2025-03-01
974,298,4,8,continuidad,vigente,5,2025-08-01
975,299,4,7,nueva,retirada,1,2025-03-01
976,300,2,7,nueva,vigente,1,2025-03-01
977,300,2,8,continuidad,vigente,2,2025-08-01
978,301,1,6,nueva,vigente,1,2024-08-01
979,301,1,7,continuidad,vigente,2,2025-03-01
980,301,1,8,continuidad,vigente,3,2025-08-01
981,302,2,1,nueva,vigente,1,2022-03-01
982,302,2,2,continuidad,vigente,2,2022-08-01
983,302,2,3,continuidad,vigente,3,2023-03-01
984,302,2,4,continuidad,vigente,4,2023-08-01
985,302,2,5,continuidad,vigente,5,2024-03-01
986,302,2,6,continuidad,vigente,6,2024-08-01
987,302,2,7,continuidad,vigente,7,2025-03-01
988,302,2,8,continuidad,vigente,8,2025-08-01
989,303,6,5,nueva,retirada,1,2024-03-01
990,304,5,3,nueva,vigente,1,2023-03-01
991,304,5,4,continuidad,vigente,2,2023-08-01
992,304,5,5,continuidad,vigente,3,2024-03-01
993,304,5,6,continuidad,vigente,4,2024-08-01
994,304,5,7,continuidad,vigente,5,2025-03-01
995,304,5,8,continuidad,vigente,6,2025-08-01
996,305,4,7,nueva,vigente,1,2025-03-01
997,305,4,8,continuidad,vigente,2,2025-08-01
998,306,1,3,nueva,vigente,1,2023-03-01
999,306,1,4,continuidad,vigente,2,2023-08-01
1000,306,1,5,continuidad,vigente,3,2024-03-01
1001,306,1,6,continuidad,vigente,4,2024-08-01
1002,306,1,7,continuidad,vigente,5,2025-03-01
1003,306,1,8,continuidad,vigente,6,2025-08-01
1004,307,4,5,nueva,vigente,1,2024-03-01
1005,307,4,6,continuidad,suspendida,2,2024-08-01
1006,308,2,5,nueva,retirada,1,2024-03-01
1007,309,1,7,nueva,vigente,1,2025-03-01
1008,309,1,8,continuidad,vigente,2,2025-08-01
1009,310,4,4,nueva,vigente,1,2023-08-01
1010,310,4,5,continuidad,vigente,2,2024-03-01
1011,310,4,6,continuidad,vigente,3,2024-08-01
1012,310,4,7,continuidad,retirada,4,2025-03-01
1013,311,6,8,nueva,vigente,1,2025-08-01
1014,312,2,3,nueva,vigente,1,2023-03-01
1015,312,2,4,continuidad,vigente,2,2023-08-01
1016,312,2,5,continuidad,vigente,3,2024-03-01
1017,312,2,6,continuidad,vigente,4,2024-08-01
1018,312,2,7,continuidad,vigente,5,2025-03-01
1019,312,2,8,continuidad,vigente,6,2025-08-01
1020,313,6,8,nueva,vigente,1,2025-08-01
1021,314,4,8,nueva,vigente,1,2025-08-01
1022,315,3,8,nueva,vigente,1,2025-08-01
1023,316,5,8,nueva,vigente,1,2025-08-01
1024,317,4,7,nueva,vigente,1,2025-03-01
1025,317,4,8,continuidad,vigente,2,2025-08-01
1026,318,4,1,nueva,vigente,1,2022-03-01
1027,318,4,2,continuidad,vigente,2,2022-08-01
1028,318,4,3,continuidad,vigente,3,2023-03-01
1029,318,4,4,continuidad,retirada,4,2023-08-01
1030,319,6,3,nueva,vigente,1,2023-03-01
1031,319,6,4,continuidad,vigente,2,2023-08-01
1032,319,6,5,continuidad,vigente,3,2024-03-01
1033,319,6,6,continuidad,retirada,4,2024-08-01
1034,320,5,7,nueva,vigente,1,2025-03-01
1035,320,5,8,continuidad,vigente,2,2025-08-01
1036,321,6,2,nueva,vigente,1,2022-08-01
1037,321,6,3,continuidad,vigente,2,2023-03-01
1038,321,6,4,continuidad,vigente,3,2023-08-01
1039,321,6,5,continuidad,vigente,4,2024-03-01
1040,321,6,6,continuidad,suspendida,5,2024-08-01
1041,322,3,6,nueva,suspendida,1,2024-08-01
1042,323,4,7,nueva,vigente,1,2025-03-01
1043,323,4,8,continuidad,vigente,2,2025-08-01
1044,324,3,6,nueva,vigente,1,2024-08-01
1045,324,3,7,continuidad,suspendida,2,2025-03-01
1046,325,5,7,nueva,vigente,1,2025-03-01
1047,325,5,8,continuidad,vigente,2,2025-08-01
1048,326,4,5,nueva,suspendida,1,2024-03-01
1049,327,6,4,nueva,vigente,1,2023-08-01
1050,327,6,5,continuidad,vigente,2,2024-03-01
1051,327,6,6,continuidad,vigente,3,2024-08-01
1052,327,6,7,continuidad,vigente,4,2025-03-01
1053,327,6,8,continuidad,vigente,5,2025-08-01
1054,328,6,8,nueva,vigente,1,2025-08-01
1055,329,4,5,nueva,suspendida,1,2024-03-01
1056,330,5,6,nueva,vigente,1,2024-08-01
1057,330,5,7,continuidad,vigente,2,2025-03-01
1058,330,5,8,continuidad,vigente,3,2025-08-01
1059,331,3,2,nueva,vigente,1,2022-08-01
1060,331,3,3,continuidad,vigente,2,2023-03-01
1061,331,3,4,continuidad,vigente,3,2023-08-01
1062,331,3,5,continuidad,vigente,4,2024-03-01
1063,331,3,6,continuidad,vigente,5,2024-08-01
1064,332,2,3,nueva,vigente,1,2023-03-01
1065,332,2,4,continuidad,vigente,2,2023-08-01
1066,332,2,5,continuidad,vigente,3,2024-03-01
1067,332,2,6,continuidad,vigente,4,2024-08-01
1068,332,2,7,continuidad,vigente,5,2025-03-01
1069,332,2,8,continuidad,vigente,6,2025-08-01
1070,333,1,5,nueva,vigente,1,2024-03-01
1071,333,1,6,continuidad,retirada,2,2024-08-01
1072,334,4,3,nueva,vigente,1,2023-03-01
1073,334,4,4,continuidad,vigente,2,2023-08-01
1074,334,4,5,continuidad,suspendida,3,2024-03-01
1075,335,6,3,nueva,suspendida,1,2023-03-01
1076,336,2,5,nueva,vigente,1,2024-03-01
1077,336,2,6,continuidad,suspendida,2,2024-08-01
1078,337,5,1,nueva,vigente,1,2022-03-01
1079,337,5,2,continuidad,vigente,2,2022-08-01
1080,337,5,3,continuidad,vigente,3,2023-03-01
1081,337,5,4,continuidad,vigente,4,2023-08-01
1082,337,5,5,continuidad,vigente,5,2024-03-01
1083,337,5,6,continuidad,vigente,6,2024-08-01
1084,337,5,7,continuidad,vigente,7,2025-03-01
1085,337,5,8,continuidad,vigente,8,2025-08-01
1086,338,2,7,nueva,vigente,1,2025-03-01
1087,338,2,8,continuidad,vigente,2,2025-08-01
1088,339,1,5,nueva,vigente,1,2024-03-01
1089,339,1,6,continuidad,vigente,2,2024-08-01
1090,339,1,7,continuidad,vigente,3,2025-03-01
1091,339,1,8,continuidad,vigente,4,2025-08-01
1092,340,6,2,nueva,suspendida,1,2022-08-01
1093,341,2,3,nueva,vigente,1,2023-03-01
1094,341,2,4,continuidad,vigente,2,2023-08-01
1095,341,2,5,continuidad,vigente,3,2024-03-01
1096,341,2,6,continuidad,vigente,4,2024-08-01
1097,341,2,7,continuidad,vigente,5,2025-03-01
1098,341,2,8,continuidad,vigente,6,2025-08-01
1099,342,1,5,nueva,vigente,1,2024-03-01
1100,342,1,6,continuidad,vigente,2,2024-08-01
1101,342,1,7,continuidad,vigente,3,2025-03-01
1102,342,1,8,continuidad,vigente,4,2025-08-01
1103,343,4,7,nueva,vigente,1,2025-03-01
1104,343,4,8,continuidad,vigente,2,2025-08-01
1105,344,4,1,nueva,vigente,1,2022-03-01
1106,344,4,2,continuidad,vigente,2,2022-08-01
1107,344,4,3,continuidad,vigente,3,2023-03-01
1108,344,4,4,continuidad,vigente,4,2023-08-01
1109,344,4,5,continuidad,retirada,5,2024-03-01
1110,345,5,3,nueva,vigente,1,2023-03-01
1111,345,5,4,continuidad,vigente,2,2023-08-01
1112,345,5,5,continuidad,vigente,3,2024-03-01
1113,345,5,6,continuidad,vigente,4,2024-08-01
1114,345,5,7,continuidad,vigente,5,2025-03-01
1115,345,5,8,continuidad,vigente,6,2025-08-01
1116,346,2,8,nueva,vigente,1,2025-08-01
1117,347,6,7,nueva,vigente,1,2025-03-01
1118,347,6,8,continuidad,vigente,2,2025-08-01
1119,348,1,5,nueva,vigente,1,2024-03-01
1120,348,1,6,continuidad,vigente,2,2024-08-01
1121,348,1,7,continuidad,vigente,3,2025-03-01
1122,348,1,8,continuidad,vigente,4,2025-08-01
1123,349,3,3,nueva,vigente,1,2023-03-01
1124,349,3,4,continuidad,vigente,2,2023-08-01
1125,349,3,5,continuidad,vigente,3,2024-03-01
1126,349,3,6,continuidad,vigente,4,2024-08-01
1127,349,3,7,continuidad,vigente,5,2025-03-01
1128,350,4,4,nueva,vigente,1,2023-08-01
1129,350,4,5,continuidad,suspendida,2,2024-03-01
1130,351,1,8,nueva,vigente,1,2025-08-01
1131,352,3,5,nueva,suspendida,1,2024-03-01
1132,353,1,4,nueva,vigente,1,2023-08-01
1133,353,1,5,continuidad,vigente,2,2024-03-01
1134,353,1,6,continuidad,vigente,3,2024-08-01
1135,353,1,7,continuidad,suspendida,4,2025-03-01
1136,354,5,8,nueva,vigente,1,2025-08-01
1137,355,5,2,nueva,vigente,1,2022-08-01
1138,355,5,3,continuidad,vigente,2,2023-03-01
1139,355,5,4,continuidad,vigente,3,2023-08-01
1140,355,5,5,continuidad,vigente,4,2024-03-01
1141,355,5,6,continuidad,vigente,5,2024-08-01
1142,355,5,7,continuidad,vigente,6,2025-03-01
1143,355,5,8,continuidad,vigente,7,2025-08-01
1144,356,1,5,nueva,vigente,1,2024-03-01
1145,356,1,6,continuidad,vigente,2,2024-08-01
1146,356,1,7,continuidad,vigente,3,2025-03-01
1147,356,1,8,continuidad,vigente,4,2025-08-01
1148,357,6,3,nueva,vigente,1,2023-03-01
1149,357,6,4,continuidad,vigente,2,2023-08-01
1150,357,6,5,continuidad,vigente,3,2024-03-01
1151,357,6,6,continuidad,vigente,4,2024-08-01
1152,357,6,7,continuidad,vigente,5,2025-03-01
1153,358,2,8,nueva,vigente,1,2025-08-01
1154,359,3,5,nueva,vigente,1,2024-03-01
1155,359,3,6,continuidad,vigente,2,2024-08-01
1156,359,3,7,continuidad,vigente,3,2025-03-01
1157,359,3,8,continuidad,vigente,4,2025-08-01
1158,360,5,6,nueva,vigente,1,2024-08-01
1159,360,5,7,continuidad,vigente,2,2025-03-01
1160,360,5,8,continuidad,vigente,3,2025-08-01
1161,3,2,7,continuidad,vigente,7,2025-03-01
